{"cameraMode":{"drawMode":0,"name":"Shaded","section":"Shading Mode"},"sceneLighting":true,"audioPlay":false,"sceneViewState":{"showFog":true,"showMaterialUpdate":false,"showSkybox":true,"showFlares":true,"showImageEffects":true,"showParticleSystems":true},"in2DMode":false,"pivot":{"x":27.53518295288086,"y":-11.68743896484375,"z":26.369068145751954},"rotation":{"x":-0.21952606737613679,"y":0.030378252267837526,"z":-0.006839272100478411,"w":-0.9751096367835999},"size":46.07246780395508,"orthographic":false}